{
  "millis": 1495566633519, 
  "id": 1, 
  "temp": {
    "Farhenheit": 69.31813358955324, 
    "Celsius": 20.73229643864069
  }, 
  "voltage": 0.7329178506283891
}
{
  "millis": 1495566633521, 
  "id": 2, 
  "temp": {
    "Farhenheit": 74.93848369105534, 
    "Celsius": 23.85471316169741
  }, 
  "voltage": 0.7311836792393246
}